-- Inserir mais dados na tabela Autores
INSERT INTO Autores (AutorID, NomeAutor)
VALUES
 (1,  'Mário de Andrade')
,(2,  'Cecília Meireles')
,(3,  'Carlos Drummond de Andrade')
,(4,  'Vinícius de Moraes')
,(5,  'Clarice Lispector')
,(6,  'Guimarães Rosa')
,(7,  'Érico Veríssimo')
,(8,  'Adélia Prado')
,(9,  'Ferreira Gullar')
,(10, 'Lygia Fagundes Telles')
,(11, 'Rubem Fonseca')
,(12, 'Manuel Bandeira')
,(13, 'Fernando Sabino')
,(14, 'Rachel de Queiroz')
,(15, 'Jorge Amado')
,(16, 'Lima Barreto')
,(17, 'Patativa do Assaré')
,(18, 'Oswald de Andrade')
,(19, 'Graciliano Ramos')
,(20, 'Monteiro Lobato')
,(21, 'Darcy Ribeiro')
,(22, 'Machado de Assis')
,(23, 'Gonçalves Dias')
,(24, 'José de Alencar')
,(25, 'Casimiro de Abreu')
,(26, 'Cora Coralina')
,(27, 'Euclides da Cunha')
,(28, 'João Cabral de Melo Neto')
,(29, 'Mário Quintana')
,(30, 'Lima Barreto')
,(31, 'Tom Jobim')
,(32, 'Caetano Veloso')
,(33, 'Chico Buarque')
,(34, 'Gilberto Gil')
,(35, 'Elis Regina')
,(36, 'Gal Costa')
,(37, 'Rita Lee');

-- Inserir mais dados na tabela Editoras
INSERT INTO Editoras (EditoraID, NomeEditora)
VALUES
(1,  'Companhia Editora Nacional')
,(2,  'Editora Record')
,(3,  'Companhia das Letras')
,(4,  'Editora Nova Fronteira')
,(5,  'Editora Globo')
,(6,  'Editora Rocco')
,(7,  'Editora Saraiva')
,(8,  'L&PM Editores')
,(9,  'Editora Ática')
,(10, 'Editora Objetiva')
,(11, 'Editora Abril')
,(12, 'Editora Melhoramentos')
,(13, 'Global Editora')
,(14, 'Editora Moderna')
,(15, 'Editora FTD')
,(16, 'Editora Manole')
,(17, 'Editora Vozes')
,(18, 'Editora Paulus')
,(19, 'Editora Senac')
,(20, 'Editora Loyola')
,(21, 'Editora Contexto')
,(22, 'Editora Intrínseca')
,(23, 'Editora Zahar')
,(24, 'Editora Martins Fontes')
,(25, 'Editora Scipione')
,(26, 'Editora Artmed')
,(27, 'Editora Nobel')
,(28, 'Editora Vida Nova')
,(29, 'Editora Ágora')
,(30, 'Editora Atlas')
,(31, 'Editora Cultrix')
,(32, 'Editora Best Seller')
,(33, 'Editora Paz e Terra')
,(34, 'Editora Bertrand Brasil')
,(35, 'Editora Melhoramentos')
,(36, 'Editora Martin Claret')
,(37, 'Editora Escala');

-- Inserir mais dados na tabela Livros
INSERT INTO Livros (LivroID, Titulo, AutorID, EditoraID, DataPublicacao, Disponibilidade)
VALUES
 (1,  'Macunaíma',							 21, 14, '2023-04-01', 0)
,(2,  'Memórias Póstumas de Brás Cubas',	 25, 14, '2023-05-01', 1)
,(3,  'Capitães da Areia',					 18, 14, '2023-06-01', 1)
,(4,  'Dom Casmurro',						 25,  6, '2023-07-01', 1)
,(5,  'Grande Sertão: Veredas',				  9, 16, '2023-08-01', 1)
,(6,  'O Cortiço',						     19, 17, '2023-09-01', 1)
,(7,  'A Moreninha',					   	 28, 35, '2023-10-01', 1)
,(8,  'Sagarana',							  6,  9, '2023-11-01', 1)
,(9,  'Claro Enigma',						  9, 14, '2023-12-01', 0)
,(10, 'Capitu',								  8, 14, '2024-01-01', 1)
,(11, 'Vidas Secas',						 22, 14, '2024-02-01', 1)
,(12, 'O Guarani',							 27, 30, '2024-03-01', 1)
,(13, 'Memórias de um Sargento de Milícias', 20, 13, '2024-04-01', 1)
,(14, 'Auto da Compadecida',				  6, 14, '2024-05-01', 1)
,(15, 'Iracema',							 26, 14, '2024-06-01', 1)
,(16, 'O Primo Basílio',					  7, 11, '2024-07-01', 1)
,(17, 'A Cidade e as Serras',				  5,  8, '2024-08-01', 1)
,(18, 'O Triste Fim de Policarpo Quaresma',	 23, 14, '2024-09-01', 1)
,(19, 'Senhora',						  	 27, 37, '2024-10-01', 1)
,(20, 'Gabriela, Cravo e Canela',			 18, 11, '2024-11-01', 1)
,(21, 'O Alienista',						 25, 12, '2024-12-01', 1)
,(22, 'O Ateneu',						     19,  1, '2025-01-01', 1)
,(23, 'Memórias de uma Moça Bem-Comportada', 14, 27, '2025-02-01', 1)
,(24, 'Cem Anos de Solidão',				 10,  2, '2025-03-01', 0)
,(25, 'O Sertanejo',						 27, 40, '2025-04-01', 1)
,(26, 'Terra Sonâmbula',					 11, 14, '2025-05-01', 1)
,(27, 'O Quinze',							  9, 16, '2025-06-01', 0)
,(28, 'O Seminarista',						 33, 38, '2025-07-01', 1)
,(29, 'Os Sertões',							 24, 14, '2025-08-01', 1)
,(30, 'O Guarani',							 27, 30, '2025-09-01', 1)
,(31, 'A Mulher de Preto',					 30, 19, '2025-10-01', 1)
,(32, 'O Pagador de Promessas',				  5, 14, '2025-11-01', 1)
,(33, 'O Homem Duplicado',					 14,  3, '2025-12-01', 1)
,(34, 'A Hora da Estrela',					  5,  8, '2026-01-01', 1)
,(35, 'A Moreninha',						 28, 35, '2026-02-01', 1)
,(36, 'Til',								 33, 38, '2026-03-01', 1)
,(37, 'Capitães da Areia',					 18,  4, '2026-04-01', 0);

-- Inserir mais dados na tabela Empréstimos
INSERT INTO Emprestimos (EmprestimoID, LivroID, DataEmprestimo, DataDevolucao, Multa)
VALUES
 (1,  1,  '2023-11-10', '2023-11-25', 0)
,(2,  2,  '2023-01-01', NULL, 0)
,(3,  3,  '2023-01-01', NULL, 0)
,(4,  4,  '2023-01-01', NULL, 0)
,(5,  5,  '2023-01-01', NULL, 0)
,(6,  6,  '2023-01-01', NULL, 0)
,(7,  7,  '2023-01-01', NULL, 0)
,(8,  8,  '2023-01-01', NULL, 0)
,(9,  9,  '2023-01-01', NULL, 0)
,(10, 10, '2023-11-10', '2023-11-25', 0)
,(11, 11, '2023-01-01', NULL, 0)
,(12, 12, '2023-01-01', NULL, 0)
,(13, 13, '2023-01-01', NULL, 0)
,(14, 14, '2023-01-01', NULL, 0)
,(15, 15, '2023-01-01', NULL, 0)
,(16, 16, '2023-01-01', NULL, 0)
,(17, 17, '2023-01-01', NULL, 0)
,(18, 18, '2023-01-01', NULL, 0)
,(19, 19, '2023-01-01', NULL, 0)
,(20, 20, '2023-01-01', NULL, 0)
,(21, 21, '2023-01-01', NULL, 0)
,(22, 22, '2023-01-01', NULL, 0)
,(23, 23, '2023-01-01', NULL, 0)
,(24, 24, '2023-11-10', '2023-11-25', 0)
,(25, 25, '2023-01-01', NULL, 0)
,(26, 26, '2023-01-01', NULL, 0)
,(27, 27, '2023-11-10', '2023-11-25', 0)
,(28, 28, '2023-01-01', NULL, 0)
,(29, 29, '2023-01-01', NULL, 0)
,(30, 30, '2023-01-01', NULL, 0)
,(31, 31, '2023-01-01', NULL, 0)
,(32, 32, '2023-01-01', NULL, 0)
,(33, 33, '2023-01-01', NULL, 0)
,(34, 34, '2023-01-01', NULL, 0)
,(35, 35, '2023-01-01', NULL, 0)
,(36, 36, '2023-01-01', NULL, 0)
,(37, 37, '2023-11-10', '2023-11-25', 0);